intent,query,response
เว็บไซต์สาขา,ขอเว็บไซต์สาขาหน่อย,นี่คือเว็บไซต์สาขาครับ https://office.cs.psu.ac.th/
เว็บไซต์สาขา,ขอเว็บไซต์สาขาหน่อยค่ะ,
เว็บไซต์สาขา,ขอเว็บไซต์สาขาหน่อย,
เว็บไซต์สาขา,ขอเว็บไซต์สาขาหน่อย,
เว็บไซต์สาขา,ขอเว็บไซต์สาขาหน่อย,
เว็บไซต์สาขา,ขอเว็บไซต์สาขาหน่อยครับ,
เว็บไซต์สาขา,ขอเว็บไซต์สาขาหน่อยค่ะ,
เว็บไซต์สาขา,ขอเว็บสาขาหน่อย,
เว็บไซต์สาขา,ขอเว็บสาขาหน่อย,
เว็บไซต์สาขา,ขอเว็บสาขาหน่อย ,
เว็บไซต์สาขา,ขอเว็บสาขาหน่อย,
เว็บไซต์สาขา,ขอเว็บสาขาหน่อย,
เว็บไซต์สาขา,ขอเว็บสาขาหน่อย,
เว็บไซต์สาขา,ขอเว็บสาขาหน่อย,
เว็บไซต์สาขา,ขอลิ้งค์เว็บไซต์สาขาหน่อย,
เว็บไซต์สาขา,เว็บไซต์สาขาคืออันไหนคะ,
เว็บไซต์สาขา,ขอเว็บไซต์ของสาขาหน่อยค่ะ,
เว็บไซต์สาขา,ขอเว็บไซต์ติดต่อหน่อยค่ะ,
